{
    "tests": ["67", "45", "36", "2", "97", "32", "46", "60", "53", "66", "69", "17", "92", "3", "26", "1", "98", "43", "47", "75", "78", "80", "100", "35", "76", "70", "54", "40", "58", "33", "89", "96", "50", "85", "38", "37", "88", "62", "63", "59", "23", "86", "93", "34", "65", "56", "5", "4", "41", "10", "83", "48", "72", "55", "16", "51", "15", "18", "9", "102", "19", "95", "21", "12", "20", "25", "22", "68", "11", "44", "64", "71", "0", "99", "28", "29", "61", "8", "74", "77", "27", "84", "73", "49", "13", "79", "52", "24", "87", "82", "6", "30", "42", "91", "101", "94", "39", "81", "14", "57", "7", "90", "31"], 
    "src_id": "s000084108", 
    "test_compilation": true, 
    "tgt_code_compilation": true, 
    "src_code_accuracy": 1.0, 
    "fastest_code_accuracy": 1.0, 
    "fastest_code_runtime": 0.1058645113, 
    "fastest_code_compilation": true, 
    "tgt_id": "s670885000", 
    "src_agg_runtime": 0.1053996312, 
    "fastest_code_len": 116, 
    "tgt_code": "#include <stdio.h>\n\n#include <string.h>\n\nint main(){\n\n\tint k;\n\n\tscanf(\"%d\",&k);\n\n\tchar s[100];\n\n\tscanf(\"%s\",&s);\n\n\tint lol = strlen(s);\n\n\ts[k] = '\\0';\n\n\tfor(int i=0;s[i]!='\\0';i++){\n\n\t\tprintf(\"%c\",s[i]);\n\n\t}\n\n\tif(k<lol){\n\n\t\tprintf(\"...\");\n\n\t}\n\nreturn 0;\n\n}", 
    "tgt_code_runtime": 0.0199066442, 
    "src_code_runtime": 0.1053996312, 
    "problem_id": "p02676", 
    "test_agg_runtime": 0.1053996312, 
    "tgt_agg_runtime": 0.0199066442, 
    "fastest_agg_runtime": 0.0196797898, 
    "src_code_tc2time": {"0": 0.0010207532, "1": 0.0010247237, "2": 0.0010207532, "3": 0.0010247237, "4": 0.0010207532, "5": 0.0010247237, "6": 0.0010247237, "7": 0.0010207532, "8": 0.0010247237, "9": 0.0010247237, "10": 0.0010247237, "11": 0.0010247237, "12": 0.0010247237, "13": 0.0010207532, "14": 0.0010247237, "15": 0.0010207532, "16": 0.0010247237, "17": 0.0010247237, "18": 0.0010207532, "19": 0.0010247237, "20": 0.0010247237, "21": 0.0010207532, "22": 0.0010247237, "23": 0.0010247237, "24": 0.0010207532, "25": 0.0010247237, "26": 0.0010247237, "27": 0.0010247237, "28": 0.0010207532, "29": 0.0010247237, "30": 0.0010247237, "31": 0.0010247237, "32": 0.0010247237, "33": 0.0010207532, "34": 0.0010247237, "35": 0.0010247237, "36": 0.0010247237, "37": 0.0010207532, "38": 0.0010247237, "39": 0.0010207532, "40": 0.0010247237, "41": 0.0010207532, "42": 0.0010247237, "43": 0.0010207532, "44": 0.0010247237, "45": 0.0010207532, "46": 0.0010247237, "47": 0.0010207532, "48": 0.0010247237, "49": 0.0010207532, "50": 0.0010247237, "51": 0.0010247237, "52": 0.0010247237, "53": 0.0010247237, "54": 0.0010247237, "55": 0.0010207532, "56": 0.0010247237, "57": 0.0010247237, "58": 0.0010207532, "59": 0.0010247237, "60": 0.0010247237, "61": 0.0010247237, "62": 0.0010207532, "63": 0.0010247237, "64": 0.0010207532, "65": 0.0010247237, "66": 0.0010247237, "67": 0.0010207532, "68": 0.0010247237, "69": 0.0010247237, "70": 0.0010207532, "71": 0.0010247237, "72": 0.0010207532, "73": 0.0010247237, "74": 0.0010207532, "75": 0.0010247237, "76": 0.0010247237, "77": 0.0010247237, "78": 0.0010247237, "79": 0.0010207532, "80": 0.0010247237, "81": 0.0010247237, "82": 0.0010207532, "83": 0.0010247237, "84": 0.0010207532, "85": 0.0010247237, "86": 0.0010247237, "87": 0.0010207532, "88": 0.0010247237, "89": 0.0010207532, "90": 0.0010247237, "91": 0.0010247237, "92": 0.0010247237, "93": 0.0010207532, "94": 0.0010247237, "95": 0.0010207532, "96": 0.0010247237, "97": 0.0010207532, "98": 0.0010247237, "99": 0.0010207532, "100": 0.0010207532, "101": 0.0010207532, "102": 0.0010247237}, 
    "fastest_code_tc2time": {"0": 0.0010255222, "1": 0.0010290938, "2": 0.0010255222, "3": 0.0010290938, "4": 0.0010255222, "5": 0.0010290938, "6": 0.0010290938, "7": 0.0010255222, "8": 0.0010290938, "9": 0.0010290938, "10": 0.0010290938, "11": 0.0010290938, "12": 0.0010290938, "13": 0.0010255222, "14": 0.0010290938, "15": 0.0010255222, "16": 0.0010290938, "17": 0.0010290938, "18": 0.0010255222, "19": 0.0010290938, "20": 0.0010290938, "21": 0.0010255222, "22": 0.0010290938, "23": 0.0010290938, "24": 0.0010255222, "25": 0.0010290938, "26": 0.0010290938, "27": 0.0010290938, "28": 0.0010255222, "29": 0.0010290938, "30": 0.0010290938, "31": 0.0010290938, "32": 0.0010290938, "33": 0.0010255222, "34": 0.0010290938, "35": 0.0010290938, "36": 0.0010290938, "37": 0.0010255222, "38": 0.0010290938, "39": 0.0010255222, "40": 0.0010290938, "41": 0.0010255222, "42": 0.0010290938, "43": 0.0010255222, "44": 0.0010290938, "45": 0.0010255222, "46": 0.0010290938, "47": 0.0010255222, "48": 0.0010290938, "49": 0.0010255222, "50": 0.0010290938, "51": 0.0010290938, "52": 0.0010290938, "53": 0.0010290938, "54": 0.0010290938, "55": 0.0010255222, "56": 0.0010290938, "57": 0.0010290938, "58": 0.0010255222, "59": 0.0010290938, "60": 0.0010290938, "61": 0.0010290938, "62": 0.0010255222, "63": 0.0010290938, "64": 0.0010255222, "65": 0.0010290938, "66": 0.0010290938, "67": 0.0010255222, "68": 0.0010290938, "69": 0.0010290938, "70": 0.0010255222, "71": 0.0010290938, "72": 0.0010255222, "73": 0.0010290938, "74": 0.0010255222, "75": 0.0010290938, "76": 0.0010290938, "77": 0.0010290938, "78": 0.0010290938, "79": 0.0010255222, "80": 0.0010290938, "81": 0.0010290938, "82": 0.0010255222, "83": 0.0010290938, "84": 0.0010255222, "85": 0.0010290938, "86": 0.0010290938, "87": 0.0010255222, "88": 0.0010290938, "89": 0.0010255222, "90": 0.0010290938, "91": 0.0010290938, "92": 0.0010290938, "93": 0.0010255222, "94": 0.0010290938, "95": 0.0010255222, "96": 0.0010290938, "97": 0.0010255222, "98": 0.0010290938, "99": 0.0010255222, "100": 0.0010255222, "101": 0.0010255222, "102": 0.0010290938}, 
    "src_code": "#include<iostream>\n\n#include<cstring>\n\nusing namespace std;\n\nint main()\n\n{\n\n\tint k;\n\n\tstring s;\n\n\tcin>>k>>s;\n\n\tif(s.length()>k)\n\n\t{\n\n\t\tfor(int i=0;i<k;i++)\n\n\t\tcout<<s[i];\n\n\t\tcout<<\"...\";\n\n\t}\n\n\telse\n\n\tcout<<s;\n\n} ", 
    "tgt_code_accuracy": 1.0, 
    "fastest_code": "#include <bits/stdc++.h>\n\nusing namespace std;\n\ntypedef long long ll;\n\nconst int mod = 1000000007;\n\nconst double PI = acos(-1);\n\n\n\nint main()\n\n{\n\n\tint k;\n\n\tstring s;\n\n\tcin >> k >> s;\n\n\tif (s.size() <= k) cout << s << endl;\n\n\telse cout << s.substr(0, k) + \"...\" << endl;\n\n}", 
    "tgt_code_tc2time": {"0": 0.0001918239, "1": 0.0001940782, "2": 0.0001918239, "3": 0.0001940782, "4": 0.0001918239, "5": 0.0001940782, "6": 0.0001940782, "7": 0.0001918239, "8": 0.0001940782, "9": 0.0001940782, "10": 0.0001940782, "11": 0.0001940782, "12": 0.0001940782, "13": 0.0001918239, "14": 0.0001940782, "15": 0.0001918239, "16": 0.0001940782, "17": 0.0001940782, "18": 0.0001918239, "19": 0.0001940782, "20": 0.0001940782, "21": 0.0001918239, "22": 0.0001940782, "23": 0.0001940782, "24": 0.0001918239, "25": 0.0001940782, "26": 0.0001940782, "27": 0.0001940782, "28": 0.0001918239, "29": 0.0001940782, "30": 0.0001940782, "31": 0.0001940782, "32": 0.0001940782, "33": 0.0001918239, "34": 0.0001940782, "35": 0.0001940782, "36": 0.0001940782, "37": 0.0001918239, "38": 0.0001940782, "39": 0.0001918239, "40": 0.0001940782, "41": 0.0001918239, "42": 0.0001940782, "43": 0.0001918239, "44": 0.0001940782, "45": 0.0001918239, "46": 0.0001940782, "47": 0.0001918239, "48": 0.0001940782, "49": 0.0001918239, "50": 0.0001940782, "51": 0.0001940782, "52": 0.0001940782, "53": 0.0001940782, "54": 0.0001940782, "55": 0.0001918239, "56": 0.0001940782, "57": 0.0001940782, "58": 0.0001918239, "59": 0.0001940782, "60": 0.0001940782, "61": 0.0001940782, "62": 0.0001918239, "63": 0.0001940782, "64": 0.0001918239, "65": 0.0001940782, "66": 0.0001940782, "67": 0.0001918239, "68": 0.0001940782, "69": 0.0001940782, "70": 0.0001918239, "71": 0.0001940782, "72": 0.0001918239, "73": 0.0001940782, "74": 0.0001918239, "75": 0.0001940782, "76": 0.0001940782, "77": 0.0001940782, "78": 0.0001940782, "79": 0.0001918239, "80": 0.0001940782, "81": 0.0001940782,